{
	"fontList":[
		{
			"coverage":"U+20-7F,U+A0-180,U+192,U+1A0-1A2,U+1AF-1B1,U+1F0,U+1FA-200,U+218-21C,U+237,U+259,U+2BC,U+2C6-2C8,U+2C9,U+2D8-2DE,U+2F3,U+300-302,U+303,U+309,U+30F,U+323,U+384-38B,U+38C,U+38E-3A2,U+3A3-3CF,U+3D1-3D3,U+3D6,U+400-487,U+488-514,U+1E00-1E02,U+1E3E-1E40,U+1E80-1E86,U+1EA0-1EFA,U+1F4D,U+2000-200C,U+2013-2016,U+2017-201F,U+2020-2023,U+2025-2027,U+2030,U+2032-2034,U+2039-203B,U+203C,U+2044,U+2074,U+207F,U+20A3-20A5,U+20A7,U+20AB-20AD,U+2105,U+2113,U+2116,U+2122,U+2126,U+212E,U+215B-215F,U+2202,U+2206,U+220F,U+2211-2213,U+221A,U+221E,U+222B,U+2248,U+2260,U+2264-2266,U+25CA,U+F6C3,U+FFFC-FFFE",
			"ext":[
				"ttf"
			],
			"family":"Roboto Mono",
			"id":"robotomono1",
			"variants":{
				"100":"{{URLTOKEN}}/RobotoMonoThin",
				"100I":"{{URLTOKEN}}/RobotoMonoThinItalic",
				"300":"{{URLTOKEN}}/RobotoMonoLight",
				"300I":"{{URLTOKEN}}/RobotoMonoLightItalic",
				"500":"{{URLTOKEN}}/RobotoMono",
				"500I":"{{URLTOKEN}}/RobotoMonoItalic",
				"550":"{{URLTOKEN}}/RobotoMonoMedium",
				"550I":"{{URLTOKEN}}/RobotoMonoMediumItalic",
				"700":"{{URLTOKEN}}/RobotoMonoBold",
				"700I":"{{URLTOKEN}}/RobotoMonoBoldItalic"
			}
		}
	],
	"matchPatterns":[
		{
			"match":"Roboto*Mono*",
			"target":"robotomono1",
			"type":"Wildcard"
		}
	]
}