{
	"fontList":[
		{
			"coverage":"U+20-7F,U+A0-237,U+238-370,U+374-376,U+37A-37F,U+384-38B,U+38C,U+38E-3A2,U+3A3-3CF,U+3D0-514,U+51A-51E,U+591-5C8,U+5D0-5EB,U+5F0-5F5,U+1D00-1DCB,U+1DFE-1E9C,U+1E9E,U+1EA0-1EFA,U+1F00-1F16,U+1F18-1F1E,U+1F20-1F46,U+1F48-1F4E,U+1F50-1F58,U+1F59,U+1F5B,U+1F5D,U+1F5F-1F7E,U+1F80-1FB5,U+1FB6-1FC5,U+1FC6-1FD4,U+1FD6-1FDC,U+1FDD-1FF0,U+1FF2-1FF5,U+1FF6-1FFF,U+200C-2010,U+2012-2016,U+2017-2023,U+2026,U+202A-202F,U+2030,U+2032-2035,U+2039-203B,U+203C,U+203E,U+2044,U+205E,U+206A-2070,U+207F,U+2090-2095,U+20A0-20B6,U+20F0,U+2105,U+2113,U+2116-2118,U+2122,U+2126,U+212E,U+214D-214F,U+2153-2155,U+215B-215F,U+2184,U+2190-2196,U+21A8,U+2202,U+2206,U+220F,U+2211-2213,U+2215,U+2219-221B,U+221E-2220,U+2229,U+222B,U+2248,U+2260-2262,U+2264-2266,U+2302,U+2310,U+2320-2322,U+2500,U+2502,U+250C,U+2510,U+2514,U+2518,U+251C,U+2524,U+252C,U+2534,U+253C,U+2550-256D,U+2580,U+2584,U+2588,U+258C,U+2590-2594,U+25A0-25A2,U+25AA-25AD,U+25B2,U+25BA,U+25BC,U+25C4,U+25CA-25CD,U+25CF,U+25D8-25DA,U+25E6,U+263A-263D,U+2640,U+2642,U+2660,U+2663,U+2665-2667,U+266A-266C,U+266F,U+2C60-2C6E,U+2C71-2C78,U+2E17,U+A717-A722,U+A788-A78D,U+FB01-FB03,U+FB1D-FB37,U+FB38-FB3D,U+FB3E,U+FB40-FB42,U+FB43-FB45,U+FB46-FB50,U+FE20-FE24",
			"ext":[
				"ttf"
			],
			"family":"Cousine",
			"id":"cousine1",
			"mono":true,
			"variants":{
				"500":"{{URLTOKEN}}/Cousine-Regular",
				"500I":"{{URLTOKEN}}/Cousine-Italic",
				"700":"{{URLTOKEN}}/Cousine-Bold",
				"700I":"{{URLTOKEN}}/Cousine-BoldItalic"
			}
		}
	],
	"matchPatterns":[
		{
			"match":"Cousine*",
			"target":"cousine1",
			"type":"Wildcard"
		},
		{
			"match":"Courier*New*",
			"target":"cousine1",
			"type":"Wildcard"
		}
	]
}